id,first_name,last_name,email,gender,ip_address
1,Sebastian,Giorio,sgiorio0@goo.gl,Non-binary,85.78.91.126
2,Phil,Steward,psteward1@sogou.com,Polygender,111.27.239.216
3,Devonne,Davidovitch,ddavidovitch2@tuttocitta.it,Agender,54.130.217.62
4,Honoria,Jost,hjost3@zimbio.com,Agender,254.129.190.253
5,Jay,Marcone,jmarcone4@dot.gov,Male,128.117.46.244
6,Torie,Dikles,tdikles5@eepurl.com,Polygender,247.192.172.110
7,Frederigo,Chomiszewski,fchomiszewski6@so-net.ne.jp,Bigender,121.147.211.215
8,Hendrik,Clemendot,hclemendot7@lycos.com,Male,159.202.102.80
9,Ronny,Hilhouse,rhilhouse8@joomla.org,Male,112.195.241.153
10,Aluin,Morrell,amorrell9@oaic.gov.au,Male,46.145.173.64
11,Luciana,Janda,ljandaa@ca.gov,Female,58.248.198.252
12,Burke,Oakenfull,boakenfullb@thetimes.co.uk,Male,140.191.216.47
13,Ronny,McIlreavy,rmcilreavyc@yellowbook.com,Male,229.1.72.203
14,Batholomew,Siburn,bsiburnd@booking.com,Male,241.101.30.204
15,Grenville,Dartan,gdartane@163.com,Male,28.216.220.143
16,Hewet,Ferrao,hferraof@mail.ru,Male,81.253.197.138
17,Bellina,Colthard,bcolthardg@posterous.com,Female,24.227.67.105
18,Asa,Arter,aarterh@aol.com,Male,49.240.67.219
19,Nani,Tarquini,ntarquinii@example.com,Female,195.208.79.87
20,Ingeborg,Huelin,ihuelinj@icio.us,Female,118.56.42.48
21,Silvester,Dealtry,sdealtryk@tiny.cc,Male,115.57.210.41
22,Gusty,Arnaudon,garnaudonl@istockphoto.com,Female,193.168.83.250
23,Abigail,Chetter,achetterm@dropbox.com,Female,33.27.255.90
24,Burg,Cameron,bcameronn@globo.com,Male,141.147.88.225
25,Edd,Eakle,eeakleo@prlog.org,Bigender,222.83.118.232
26,Bard,Peatt,bpeattp@sun.com,Male,159.34.7.161
27,Aubry,Dobbyn,adobbynq@tuttocitta.it,Female,152.136.198.103
28,Hinze,Trayes,htrayesr@disqus.com,Male,124.197.29.219
29,Linet,Deeble,ldeebles@canalblog.com,Female,152.28.132.135
30,Norman,Murr,nmurrt@reddit.com,Male,21.66.144.76
31,Garald,Whiteson,gwhitesonu@taobao.com,Bigender,174.122.127.145
32,Ulrikaumeko,Chatenier,uchatenierv@aol.com,Female,171.137.64.108
33,Grannie,Turpie,gturpiew@artisteer.com,Male,176.20.142.28
34,Dixie,Da Costa,ddacostax@google.com.br,Female,1.4.240.181
35,Ivory,Negus,inegusy@gmpg.org,Female,62.176.20.141
36,Courtenay,Pine,cpinez@upenn.edu,Female,11.81.37.36
37,Saleem,Markushkin,smarkushkin10@tamu.edu,Male,4.169.16.122
38,Wylie,Pattisson,wpattisson11@mapquest.com,Agender,71.192.8.103
39,Lavina,Wong,lwong12@linkedin.com,Female,116.87.136.15
40,Tadeo,Skilling,tskilling13@360.cn,Agender,64.21.141.169
41,Irwin,Stratley,istratley14@guardian.co.uk,Male,80.93.108.114
42,Kristopher,Chsteney,kchsteney15@mlb.com,Male,55.5.180.147
43,Tristan,Loveless,tloveless16@businessinsider.com,Male,58.251.78.139
44,Lyndsie,Griffen,lgriffen17@google.com.br,Female,198.251.108.187
45,Etty,de Najera,edenajera18@miitbeian.gov.cn,Female,132.13.127.133
46,Barbe,Johnke,bjohnke19@so-net.ne.jp,Female,101.195.120.201
47,Selena,Bartozzi,sbartozzi1a@army.mil,Female,109.216.232.38
48,Paul,Ramalho,pramalho1b@seesaa.net,Male,13.160.71.48
49,Hazel,McGeachie,hmcgeachie1c@naver.com,Female,231.185.76.81
50,Zondra,Wetherald,zwetherald1d@indiegogo.com,Female,255.242.203.227
51,Martguerita,Klyner,mklyner1e@domainmarket.com,Female,173.169.132.112
52,Kelley,Garrud,kgarrud1f@naver.com,Male,197.207.164.191
53,Ellyn,Berthod,eberthod1g@scribd.com,Female,100.141.156.255
54,North,Leith-Harvey,nleithharvey1h@dedecms.com,Male,235.98.68.194
55,Isabeau,Tutt,itutt1i@hc360.com,Female,36.23.133.87
56,Leroy,Wayland,lwayland1j@netscape.com,Male,206.94.190.104
57,Valerye,Crowe,vcrowe1k@rediff.com,Female,152.211.221.226
58,Ermanno,Bollom,ebollom1l@google.de,Male,51.106.198.37
59,Edvard,Barwis,ebarwis1m@skyrock.com,Male,230.38.156.159
60,Gerhard,Wetherill,gwetherill1n@chicagotribune.com,Male,115.20.252.111
61,Wendi,Valois,wvalois1o@wp.com,Female,116.81.188.37
62,Megen,Bosward,mbosward1p@amazon.co.uk,Female,207.49.138.236
63,Sada,Medlar,smedlar1q@tumblr.com,Female,32.203.190.22
64,Corey,Simonian,csimonian1r@forbes.com,Female,26.122.187.250
65,Matthias,Kinman,mkinman1s@alibaba.com,Male,141.77.143.210
66,Mylo,Jaques,mjaques1t@craigslist.org,Male,54.56.68.53
67,Nero,Francecione,nfrancecione1u@cargocollective.com,Male,102.214.91.33
68,Miran,Orsi,morsi1v@plala.or.jp,Female,199.220.177.123
69,Sherlocke,Leathwood,sleathwood1w@mtv.com,Male,26.77.72.108
70,Norton,Ansell,nansell1x@google.com.hk,Male,111.179.143.64
71,Sly,Baughan,sbaughan1y@gov.uk,Male,23.165.159.158
72,Nollie,Tewkesbury,ntewkesbury1z@mysql.com,Male,80.4.47.3
73,Tobit,O' Flaherty,toflaherty20@google.co.uk,Male,12.89.223.67
74,Ellette,D'Errico,ederrico21@sciencedaily.com,Female,26.2.16.71
75,Ulrike,Tregidga,utregidga22@t-online.de,Female,140.236.168.52
76,Chilton,Wrenn,cwrenn23@blogtalkradio.com,Male,252.216.138.148
77,Grantley,Fidian,gfidian24@aboutads.info,Male,93.224.154.245
78,Remy,Pleavin,rpleavin25@netscape.com,Genderqueer,235.193.111.47
79,Freddi,Balfour,fbalfour26@sina.com.cn,Female,75.156.215.30
80,Paige,McGaugie,pmcgaugie27@blogtalkradio.com,Female,58.164.107.147
81,Bonnee,Giacomoni,bgiacomoni28@themeforest.net,Female,236.143.209.181
82,Gannon,Gillivrie,ggillivrie29@mashable.com,Male,155.24.26.156
83,Pooh,Fierro,pfierro2a@hc360.com,Female,77.202.185.56
84,Shelly,Bowkett,sbowkett2b@seesaa.net,Female,69.207.154.129
85,Ilaire,Jahnisch,ijahnisch2c@aol.com,Male,11.124.20.244
86,Meredeth,Charlo,mcharlo2d@hc360.com,Male,23.193.5.203
87,Mycah,Kiraly,mkiraly2e@networksolutions.com,Genderfluid,188.186.161.97
88,Kerrin,D'Antonio,kdantonio2f@fotki.com,Female,100.74.84.35
89,Pattie,Mundle,pmundle2g@edublogs.org,Female,173.196.146.244
90,Juan,Farthin,jfarthin2h@nps.gov,Male,60.79.72.146
91,Ezekiel,Dacombe,edacombe2i@chronoengine.com,Male,152.243.167.55
92,Wes,Kelson,wkelson2j@uol.com.br,Male,101.62.113.159
93,Wyn,Mervyn,wmervyn2k@baidu.com,Male,79.33.219.110
94,Elihu,Gotling,egotling2l@issuu.com,Male,132.85.1.69
95,Sigfrid,Bakesef,sbakesef2m@163.com,Male,86.16.74.58
96,Elana,Fargie,efargie2n@marketwatch.com,Female,12.138.72.181
97,Sophey,Tungay,stungay2o@phoca.cz,Female,125.154.149.253
98,Harriott,Biagioni,hbiagioni2p@springer.com,Female,75.74.79.19
99,Marylou,Artist,martist2q@yelp.com,Female,146.8.5.70
100,Ravid,Pitson,rpitson2r@telegraph.co.uk,Male,69.219.165.202
